ID,Name,Email,Date,Amount,Category,Status
1,7XkPQR2fM3,8nKLm5Jp@example.com,2023-05-17,732.41,Sports,Completed
2,bNc9TqWxY4,Hs6FgA3R@example.com,2021-09-03,456.78,Electronics,Pending
3,Zr5DvE8uL1,tP2mXyB7@example.com,2022-11-22,189.23,Clothing,Cancelled
4,J6fKhG9nM2,Q4wSzC1D@example.com,2020-03-11,875.62,Books,Refunded
5,V3cBpT7rX8,Y9uNmF5L@example.com,2023-01-30,321.09,Food,Completed
6,L1mRtH4wS9,K7bZxV2G@example.com,2021-07-14,567.34,Home,Pending
7,G8nFzQ2yP5,C6dJhN3T@example.com,2022-04-26,943.87,Electronics,Cancelled
8,T9cXvB6mD3,R1sWkL8F@example.com,2020-12-05,234.56,Sports,Refunded
9,N4hKpS7wR2,M5yGtZ9J@example.com,2023-08-19,678.90,Clothing,Completed
10,F6bLzX1qY8,E3vHnC7D@example.com,2021-02-28,123.45,Books,Pending
11,W2mJtG5nH9,A4sPfR6B@example.com,2022-10-09,789.01,Food,Cancelled
12,Q7yPzC3vX1,U8kNdM2L@example.com,2020-06-17,432.10,Home,Refunded
13,K5nRfB8wT6,I9cXhG4S@example.com,2023-03-22,987.65,Electronics,Completed
14,D1hMzL9pY3,O6bVtF7J@example.com,2021-11-13,345.67,Sports,Pending
15,S8cGvN2xR5,E1wQzH3K@example.com,2022-07-31,876.54,Clothing,Cancelled
16,H4tPfJ7mB9,Y2nLsT5D@example.com,2020-09-08,210.98,Books,Refunded
17,C6yXzR1wN3,A7kMgF8P@example.com,2023-06-25,543.21,Food,Completed
18,M2bKtL5hG7,U4vSzJ9C@example.com,2021-04-02,765.43,Home,Pending
19,P9nFwQ3yX1,I6cRdN2B@example.com,2022-12-14,321.09,Electronics,Cancelled
20,B5hTzC8mS4,O1wLfH7K@example.com,2020-01-20,987.65,Sports,Refunded
21,X7cRvN1pY6,E3nMtG9D@example.com,2023-09-07,456.78,Clothing,Completed
22,L3nKfJ8wT2,A5bZxQ1S@example.com,2021-08-16,789.01,Books,Pending
23,G9yPzH4mB5,U2vCsR7F@example.com,2022-05-28,234.56,Food,Cancelled
24,T1hMwQ6nX8,I7kLdN3J@example.com,2020-11-03,678.90,Home,Refunded
25,N5cGvS2yR7,O4bPfT9K@example.com,2023-02-11,123.45,Electronics,Completed
26,F8bLzJ1qW3,E6nHtM2D@example.com,2021-06-24,876.54,Sports,Pending
27,W4mKtG7nH9,A1sCxR5B@example.com,2022-01-09,543.21,Clothing,Cancelled
28,Q6yPzC3vX1,U8kNdF2L@example.com,2020-04-15,210.98,Books,Refunded
29,K2nRfB8wT5,I4cMhG7S@example.com,2023-07-30,765.43,Food,Completed
30,D9hMzL1pY6,O3bVtJ5N@example.com,2021-12-19,321.09,Home,Pending
31,S5cGvN7xR2,E8wQzH1K@example.com,2022-09-05,987.65,Electronics,Cancelled
32,H1tPfJ4mB8,Y6nLsT3D@example.com,2020-02-22,456.78,Sports,Refunded
33,C7yXzR2wN5,A9kMgF1P@example.com,2023-10-14,789.01,Clothing,Completed
34,M3bKtL6hG9,U2vSzJ7C@example.com,2021-05-27,234.56,Books,Pending
35,P8nFwQ1yX4,I5cRdN9B@example.com,2022-03-08,678.90,Food,Cancelled
36,B2hTzC7mS5,O1wLfH4K@example.com,2020-08-13,123.45,Home,Refunded
37,X9cRvN3pY1,E6nMtG2D@example.com,2023-04-26,876.54,Electronics,Completed
38,L4nKfJ7wT8,A2bZxQ5S@example.com,2021-01-07,543.21,Sports,Pending
39,G6yPzH2mB9,U8vCsR1F@example.com,2022-11-18,210.98,Clothing,Cancelled
40,T3hMwQ5nX1,I7kLdN4J@example.com,2020-07-02,765.43,Books,Refunded
41,N8cGvS1yR6,O2bPfT5K@example.com,2023-12-23,321.09,Food,Completed
42,F5bLzJ9qW2,E4nHtM7D@example.com,2021-10-11,987.65,Home,Pending
43,W1mKtG4nH7,A9sCxR3B@example.com,2022-06-29,456.78,Electronics,Cancelled
44,Q8yPzC2vX5,U3kNdF6L@example.com,2020-05-16,789.01,Sports,Refunded
45,K6nRfB1wT9,I2cMhG8S@example.com,2023-08-04,234.56,Clothing,Completed
46,D4hMzL8pY2,O7bVtJ1N@example.com,2021-03-21,678.90,Books,Pending
47,S9cGvN3xR7,E5wQzH2K@example.com,2022-02-10,123.45,Food,Cancelled
48,H2tPfJ6mB1,Y8nLsT4D@example.com,2020-10-30,876.54,Home,Refunded
49,C5yXzR9wN3,A1kMgF7P@example.com,2023-01-15,543.21,Electronics,Completed
50,M7bKtL2hG5,U9vSzJ3C@example.com,2021-09-28,210.98,Sports,Pending
51,P1nFwQ4yX8,I6cRdN2B@example.com,2022-08-13,765.43,Clothing,Cancelled
52,B9hTzC3mS6,O4wLfH8K@example.com,2020-12-01,321.09,Books,Refunded
53,X2cRvN7pY4,E1nMtG5D@example.com,2023-05-20,987.65,Food,Completed
54,L8nKfJ3wT1,A7bZxQ9S@example.com,2021-02-07,456.78,Home,Pending
55,G4yPzH9mB2,U5vCsR3F@example.com,2022-10-25,789.01,Electronics,Cancelled
56,T7hMwQ1nX9,I3kLdN6J@example.com,2020-06-12,234.56,Sports,Refunded
57,N3cGvS8yR5,O9bPfT2K@example.com,2023-11-30,678.90,Clothing,Completed
58,F1bLzJ6qW7,E2nHtM5D@example.com,2021-07-17,123.45,Books,Pending
59,W9mKtG2nH4,A6sCxR1B@example.com,2022-04-03,876.54,Food,Cancelled
60,Q3yPzC7vX8,U1kNdF4L@example.com,2020-01-23,543.21,Home,Refunded
61,K5nRfB9wT2,I8cMhG3S@example.com,2023-09-10,210.98,Electronics,Completed
62,D1hMzL4pY7,O5bVtJ9N@example.com,2021-12-27,765.43,Sports,Pending
63,S6cGvN2xR9,E3wQzH7K@example.com,2022-07-15,321.09,Clothing,Cancelled
64,H8tPfJ1mB5,Y4nLsT2D@example.com,2020-03-06,987.65,Books,Refunded
65,C2yXzR5wN7,A9kMgF3P@example.com,2023-06-19,456.78,Food,Completed
66,M4bKtL9hG1,U7vSzJ5C@example.com,2021-04-30,789.01,Home,Pending
67,P6nFwQ2yX5,I1cRdN8B@example.com,2022-01-13,234.56,Electronics,Cancelled
68,B3hTzC8mS1,O6wLfH2K@example.com,2020-09-24,678.90,Sports,Refunded
69,X7cRvN4pY9,E2nMtG8D@example.com,2023-02-07,123.45,Clothing,Completed
70,L5nKfJ1wT6,A4bZxQ7S@example.com,2021-10-22,876.54,Books,Pending
71,G9yPzH3mB7,U8vCsR2F@example.com,2022-05-11,543.21,Food,Cancelled
72,T2hMwQ6nX3,I5kLdN9J@example.com,2020-11-16,210.98,Home,Refunded
73,N7cGvS4yR1,O1bPfT6K@example.com,2023-04-01,765.43,Electronics,Completed
74,F3bLzJ8qW5,E9nHtM1D@example.com,2021-08-20,321.09,Sports,Pending
75,W6mKtG1nH9,A2sCxR7B@example.com,2022-03-04,987.65,Clothing,Cancelled
76,Q1yPzC5vX2,U7kNdF3L@example.com,2020-07-27,456.78,Books,Refunded
77,K8nRfB2wT7,I4cMhG9S@example.com,2023-12-14,789.01,Food,Completed
78,D6hMzL3pY1,O9bVtJ2N@example.com,2021-05-03,234.56,Home,Pending
79,S1cGvN7xR4,E5wQzH8K@example.com,2022-09-16,678.90,Electronics,Cancelled
80,H4tPfJ9mB2,Y1nLsT7D@example.com,2020-02-09,123.45,Sports,Refunded
81,C8yXzR1wN6,A3kMgF5P@example.com,2023-07-23,876.54,Clothing,Completed
82,M2bKtL5hG8,U6vSzJ1C@example.com,2021-01-10,543.21,Books,Pending
83,P9nFwQ7yX3,I2cRdN5B@example.com,2022-11-28,210.98,Food,Cancelled
84,B5hTzC1mS9,O8wLfH4K@example.com,2020-08-17,765.43,Home,Refunded
85,X1cRvN6pY2,E4nMtG9D@example.com,2023-03-02,321.09,Electronics,Completed
86,L7nKfJ4wT9,A1bZxQ3S@example.com,2021-06-15,987.65,Sports,Pending
87,G2yPzH8mB5,U9vCsR4F@example.com,2022-02-27,456.78,Clothing,Cancelled
88,T5hMwQ3nX7,I7kLdN1J@example.com,2020-04-09,789.01,Books,Refunded
89,N1cGvS9yR3,O3bPfT8K@example.com,2023-10-22,234.56,Food,Completed
90,F7bLzJ2qW1,E6nHtM4D@example.com,2021-03-09,678.90,Home,Pending
91,W3mKtG7nH5,A8sCxR2B@example.com,2022-12-21,123.45,Electronics,Cancelled
92,Q9yPzC1vX6,U2kNdF7L@example.com,2020-10-06,876.54,Sports,Refunded
93,K4nRfB6wT1,I9cMhG5S@example.com,2023-01-19,543.21,Clothing,Completed
94,D2hMzL7pY9,O5bVtJ8N@example.com,2021-09-07,210.98,Books,Pending
95,S8cGvN4xR1,E1wQzH6K@example.com,2022-06-24,765.43,Food,Cancelled
96,H6tPfJ2mB8,Y9nLsT3D@example.com,2020-05-11,321.09,Home,Refunded
97,C3yXzR9wN4,A7kMgF1P@example.com,2023-08-27,987.65,Electronics,Completed
98,M7bKtL1hG3,U4vSzJ9C@example.com,2021-11-14,456.78,Sports,Pending
99,P5nFwQ8yX2,I6cRdN3B@example.com,2022-04-01,789.01,Clothing,Cancelled
100,B1hTzC6mS4,O2wLfH7K@example.com,2020-12-18,234.56,Books,Refunded
101,X9cRvN2pY7,E8nMtG1D@example.com,2023-05-03,678.90,Food,Completed
102,L3nKfJ7wT5,A5bZxQ9S@example.com,2021-02-20,123.45,Home,Pending
103,G7yPzH1mB9,U1vCsR6F@example.com,2022-10-08,876.54,Electronics,Cancelled
104,T4hMwQ9nX2,I3kLdN8J@example.com,2020-07-25,543.21,Sports,Refunded
105,N6cGvS3yR8,O9bPfT1K@example.com,2023-12-07,210.98,Clothing,Completed
106,F2bLzJ5qW3,E4nHtM7D@example.com,2021-04-16,765.43,Books,Pending
107,W8mKtG4nH1,A2sCxR5B@example.com,2022-01-29,321.09,Food,Cancelled
108,Q5yPzC3vX9,U7kNdF2L@example.com,2020-09-12,987.65,Home,Refunded
109,K1nRfB8wT6,I5cMhG3S@example.com,2023-06-25,456.78,Electronics,Completed
110,D9hMzL2pY4,O1bVtJ6N@example.com,2021-12-03,789.01,Sports,Pending
111,S5cGvN7xR2,E9wQzH4K@example.com,2022-08-18,234.56,Clothing,Cancelled
112,H3tPfJ1mB7,Y6nLsT8D@example.com,2020-03-31,678.90,Books,Refunded
113,C8yXzR4wN1,A3kMgF7P@example.com,2023-09-13,123.45,Food,Completed
114,M1bKtL9hG6,U8vSzJ2C@example.com,2021-07-02,876.54,Home,Pending
115,P7nFwQ2yX5,I4cRdN9B@example.com,2022-03-15,543.21,Electronics,Cancelled
116,B4hTzC8mS1,O6wLfH3K@example.com,2020-11-28,210.98,Sports,Refunded
117,X2cRvN5pY9,E1nMtG7D@example.com,2023-04-11,765.43,Clothing,Completed
118,L6nKfJ3wT8,A9bZxQ2S@example.com,2021-01-24,321.09,Books,Pending
119,G4yPzH9mB2,U3vCsR8F@example.com,2022-11-11,987.65,Food,Cancelled
120,T1hMwQ5nX7,I8kLdN4J@example.com,2020-06-07,456.78,Home,Refunded
121,N9cGvS2yR4,O2bPfT7K@example.com,2023-10-20,789.01,Electronics,Completed
122,F5bLzJ1qW8,E7nHtM3D@example.com,2021-08-09,234.56,Sports,Pending
123,W2mKtG6nH3,A1sCxR9B@example.com,2022-05-22,678.90,Clothing,Cancelled
124,Q7yPzC4vX1,U5kNdF8L@example.com,2020-02-05,123.45,Books,Refunded
125,K3nRfB9wT5,I2cMhG6S@example.com,2023-07-18,876.54,Food,Completed
126,D6hMzL1pY8,O4bVtJ9N@example.com,2021-05-07,543.21,Home,Pending
127,S2cGvN8xR3,E6wQzH1K@example.com,2022-09-24,210.98,Electronics,Cancelled
128,H9tPfJ4mB1,Y3nLsT5D@example.com,2020-12-11,765.43,Sports,Refunded
129,C5yXzR7wN6,A8kMgF2P@example.com,2023-03-26,321.09,Clothing,Completed
130,M3bKtL2hG8,U1vSzJ7C@example.com,2021-10-15,987.65,Books,Pending
131,P9nFwQ5yX1,I7cRdN3B@example.com,2022-07-02,456.78,Food,Cancelled
132,B7hTzC3mS6,O9wLfH5K@example.com,2020-04-19,789.01,Home,Refunded
133,X5cRvN1pY4,E2nMtG8D@example.com,2023-11-01,234.56,Electronics,Completed
134,L8nKfJ6wT2,A4bZxQ7S@example.com,2021-03-22,678.90,Sports,Pending
135,G1yPzH5mB7,U6vCsR1F@example.com,2022-12-09,123.45,Clothing,Cancelled
136,T3hMwQ8nX4,I9kLdN2J@example.com,2020-08-26,876.54,Books,Refunded
137,N5cGvS7yR1,O3bPfT8K@example.com,2023-01-08,543.21,Food,Completed
138,F9bLzJ3qW6,E5nHtM1D@example.com,2021-06-21,210.98,Home,Pending
139,W4mKtG1nH9,A7sCxR3B@example.com,2022-02-04,765.43,Electronics,Cancelled
140,Q2yPzC7vX5,U9kNdF4L@example.com,2020-10-17,321.09,Sports,Refunded
141,K6nRfB4wT1,I1cMhG9S@example.com,2023-08-30,987.65,Clothing,Completed
142,D1hMzL8pY3,O6bVtJ2N@example.com,2021-01-13,456.78,Books,Pending
143,S7cGvN2xR9,E8wQzH5K@example.com,2022-11-30,789.01,Food,Cancelled
144,H5tPfJ7mB2,Y1nLsT9D@example.com,2020-07-16,234.56,Home,Refunded
145,C1yXzR3wN8,A5kMgF6P@example.com,2023-04-29,678.90,Electronics,Completed
146,M9bKtL5hG4,U3vSzJ8C@example.com,2021-09-18,123.45,Sports,Pending
147,P2nFwQ1yX7,I8cRdN5B@example.com,2022-06-05,876.54,Clothing,Cancelled
148,B8hTzC6mS2,O1wLfH9K@example.com,2020-01-22,543.21,Books,Refunded
149,X3cRvN9pY5,E7nMtG2D@example.com,2023-12-04,210.98,Food,Completed
150,L4nKfJ1wT9,A2bZxQ5S@example.com,2021-04-25,765.43,Home,Pending
151,G8yPzH3mB5,U7vCsR9F@example.com,2022-01-08,321.09,Electronics,Cancelled
152,T6hMwQ2nX1,I4kLdN7J@example.com,2020-11-21,987.65,Sports,Refunded
153,N1cGvS5yR8,O9bPfT3K@example.com,2023-06-04,456.78,Clothing,Completed
154,F4bLzJ9qW2,E1nHtM6D@example.com,2021-12-17,789.01,Books,Pending
155,W7mKtG3nH6,A8sCxR1B@example.com,2022-08-30,234.56,Food,Cancelled
156,Q5yPzC1vX9,U2kNdF7L@example.com,2020-05-15,678.90,Home,Refunded
157,K2nRfB7wT3,I6cMhG4S@example.com,2023-09-27,123.45,Electronics,Completed
158,D8hMzL4pY7,O3bVtJ5N@example.com,2021-02-10,876.54,Sports,Pending
159,S3cGvN6xR1,E9wQzH2K@example.com,2022-10-23,543.21,Clothing,Cancelled
160,H7tPfJ2mB9,Y4nLsT1D@example.com,2020-08-08,210.98,Books,Refunded
161,C4yXzR8wN2,A1kMgF9P@example.com,2023-01-21,765.43,Food,Completed
162,M6bKtL1hG7,U5vSzJ3C@example.com,2021-07-06,321.09,Home,Pending
163,P1nFwQ9yX4,I2cRdN8B@example.com,2022-04-19,987.65,Electronics,Cancelled
164,B3hTzC5mS8,O7wLfH1K@example.com,2020-03-04,456.78,Sports,Refunded
165,X9cRvN2pY6,E4nMtG7D@example.com,2023-10-17,789.01,Clothing,Completed
166,L2nKfJ8wT5,A6bZxQ3S@example.com,2021-05-30,234.56,Books,Pending
167,G5yPzH1mB3,U9vCsR2F@example.com,2022-02-12,678.90,Food,Cancelled
168,T9hMwQ4nX7,I3kLdN6J@example.com,2020-12-25,123.45,Home,Refunded
169,N4cGvS9yR2,O8bPfT1K@example.com,2023-07-08,876.54,Electronics,Completed
170,F7bLzJ2qW5,E2nHtM9D@example.com,2021-01-23,543.21,Sports,Pending
171,W1mKtG8nH4,A5sCxR7B@example.com,2022-09-11,210.98,Clothing,Cancelled
172,Q8yPzC3vX2,U1kNdF5L@example.com,2020-06-28,765.43,Books,Refunded
173,K5nRfB1wT9,I7cMhG2S@example.com,2023-03-13,321.09,Food,Completed
174,D3hMzL7pY1,O4bVtJ8N@example.com,2021-11-26,987.65,Home,Pending
175,S9cGvN4xR7,E6wQzH3K@example.com,2022-07-09,456.78,Electronics,Cancelled
176,H2tPfJ5mB4,Y8nLsT7D@example.com,2020-02-24,789.01,Sports,Refunded
177,C6yXzR1wN9,A3kMgF5P@example.com,2023-05-07,234.56,Clothing,Completed
178,M4bKtL9hG2,U7vSzJ1C@example.com,2021-08-22,678.90,Books,Pending
179,P8nFwQ2yX6,I5cRdN4B@example.com,2022-05-05,123.45,Food,Cancelled
180,B1hTzC7mS3,O9wLfH2K@example.com,2020-10-18,876.54,Home,Refunded
181,X7cRvN5pY1,E1nMtG6D@example.com,2023-02-01,543.21,Electronics,Completed
182,L5nKfJ3wT8,A4bZxQ9S@example.com,2021-06-16,210.98,Sports,Pending
183,G2yPzH9mB6,U8vCsR3F@example.com,2022-03-29,765.43,Clothing,Cancelled
184,T4hMwQ1nX5,I2kLdN9J@example.com,2020-09-14,321.09,Books,Refunded
185,N8cGvS3yR7,O6bPfT4K@example.com,2023-11-27,987.65,Food,Completed
186,F3bLzJ6qW1,E9nHtM2D@example.com,2021-04-12,456.78,Home,Pending
187,W9mKtG4nH7,A1sCxR5B@example.com,2022-12-25,789.01,Electronics,Cancelled
188,Q6yPzC8vX3,U5kNdF7L@example.com,2020-07-11,234.56,Sports,Refunded
189,K1nRfB5wT2,I8cMhG3S@example.com,2023-08-24,678.90,Clothing,Completed
190,D7hMzL2pY9,O3bVtJ1N@example.com,2021-10-09,123.45,Books,Pending
191,S4cGvN8xR2,E5wQzH7K@example.com,2022-06-22,876.54,Food,Cancelled
192,H6tPfJ1mB8,Y2nLsT4D@example.com,2020-01-07,543.21,Home,Refunded
193,C9yXzR3wN5,A7kMgF2P@example.com,2023-04-20,210.98,Electronics,Completed
194,M2bKtL7hG1,U4vSzJ9C@example.com,2021-12-05,765.43,Sports,Pending
195,P5nFwQ4yX9,I1cRdN6B@example.com,2022-09-18,321.09,Clothing,Cancelled
196,B8hTzC2mS6,O9wLfH3K@example.com,2020-05-03,987.65,Books,Refunded
197,X3cRvN7pY4,E2nMtG8D@example.com,2023-01-16,456.78,Food,Completed
198,L1nKfJ9wT5,A6bZxQ1S@example.com,2021-09-01,789.01,Home,Pending
199,G7yPzH2mB3,U8vCsR5F@example.com,2022-04-14,234.56,Electronics,Cancelled
200,T9hMwQ5nX1,I3kLdN7J@example.com,2020-11-27,678.90,Sports,Refunded
201,N2cGvS6yR8,O5bPfT9K@example.com,2023-07-10,123.45,Clothing,Completed
202,F4bLzJ1qW7,E7nHtM3D@example.com,2021-02-23,876.54,Books,Pending
203,W6mKtG9nH2,A1sCxR4B@example.com,2022-11-08,543.21,Food,Cancelled
204,Q3yPzC7vX5,U6kNdF2L@example.com,2020-08-21,210.98,Home,Refunded
205,K9nRfB3wT1,I4cMhG8S@example.com,2023-03-06,765.43,Electronics,Completed
206,D5hMzL8pY6,O2bVtJ5N@example.com,2021-05-19,321.09,Sports,Pending
207,S1cGvN4xR9,E9wQzH1K@example.com,2022-01-02,987.65,Clothing,Cancelled
208,H3tPfJ7mB5,Y5nLsT8D@example.com,2020-06-15,456.78,Books,Refunded
209,C7yXzR2wN1,A8kMgF3P@example.com,2023-09-28,789.01,Food,Completed
210,M9bKtL3hG4,U1vSzJ7C@example.com,2021-07-13,234.56,Home,Pending
211,P2nFwQ8yX6,I5cRdN2B@example.com,2022-10-26,678.90,Electronics,Cancelled
212,B5hTzC1mS9,O7wLfH4K@example.com,2020-03-11,123.45,Sports,Refunded
213,X8cRvN4pY2,E3nMtG9D@example.com,2023-06-24,876.54,Clothing,Completed
214,L6nKfJ2wT7,A9bZxQ5S@example.com,2021-01-09,543.21,Books,Pending
215,G4yPzH5mB1,U3vCsR7F@example.com,2022-08-22,210.98,Food,Cancelled
216,T2hMwQ9nX6,I7kLdN1J@example.com,2020-12-07,765.43,Home,Refunded
217,N5cGvS1yR3,O4bPfT8K@example.com,2023-04-20,321.09,Electronics,Completed
218,F7bLzJ3qW9,E1nHtM6D@example.com,2021-11-05,987.65,Sports,Pending
219,W1mKtG6nH8,A2sCxR9B@example.com,2022-07-18,456.78,Clothing,Cancelled
220,Q8yPzC2vX4,U5kNdF3L@example.com,2020-02-01,789.01,Books,Refunded
221,K3nRfB9wT7,I6cMhG2S@example.com,2023-10-14,234.56,Food,Completed
222,D1hMzL5pY3,O8bVtJ1N@example.com,2021-03-29,678.90,Home,Pending
223,S7cGvN2xR5,E4wQzH9K@example.com,2022-05-12,123.45,Electronics,Cancelled
224,H9tPfJ4mB2,Y1nLsT6D@example.com,2020-09-25,876.54,Sports,Refunded
225,C4yXzR8wN6,A5kMgF7P@example.com,2023-02-08,543.21,Clothing,Completed
226,M7bKtL1hG9,U2vSzJ4C@example.com,2021-06-23,210.98,Books,Pending
227,P3nFwQ5yX1,I9cRdN3B@example.com,2022-12-06,765.43,Food,Cancelled
228,B6hTzC9mS4,O1wLfH7K@example.com,2020-04-19,321.09,Home,Refunded
229,X1cRvN6pY8,E7nMtG2D@example.com,2023-08-02,987.65,Electronics,Completed
230,L9nKfJ3wT2,A3bZxQ8S@example.com,2021-10-17,456.78,Sports,Pending
231,G2yPzH7mB5,U6vCsR1F@example.com,2022-03-01,789.01,Clothing,Cancelled
232,T5hMwQ1nX9,I4kLdN9J@example.com,2020-07-14,234.56,Books,Refunded
233,N8cGvS4yR6,O2bPfT5K@example.com,2023-05-27,678.90,Food,Completed
234,F2bLzJ8qW3,E9nHtM1D@example.com,2021-01-12,123.45,Home,Pending
235,W4mKtG2nH7,A7sCxR3B@example.com,2022-09-25,876.54,Electronics,Cancelled
236,Q1yPzC6vX5,U8kNdF2L@example.com,2020-11-08,543.21,Sports,Refunded
237,K7nRfB1wT4,I5cMhG9S@example.com,2023-03-23,210.98,Clothing,Completed
238,D3hMzL9pY6,O1bVtJ4N@example.com,2021-08-06,765.43,Books,Pending
239,S5cGvN7xR1,E3wQzH6K@example.com,2022-06-19,321.09,Food,Cancelled
240,H2tPfJ8mB9,Y7nLsT2D@example.com,2020-01-02,987.65,Home,Refunded
241,C6yXzR3wN4,A9kMgF1P@example.com,2023-11-15,456.78,Electronics,Completed
242,M1bKtL5hG7,U4vSzJ8C@example.com,2021-04-30,789.01,Sports,Pending
243,P8nFwQ2yX3,I2cRdN7B@example.com,2022-02-13,234.56,Clothing,Cancelled
244,B4hTzC7mS1,O6wLfH3K@example.com,2020-10-26,678.90,Books,Refunded
245,X9cRvN1pY5,E8nMtG4D@example.com,2023-07-09,123.45,Food,Completed
246,L3nKfJ6wT8,A1bZxQ5S@example.com,2021-12-22,876.54,Home,Pending
247,G7yPzH4mB2,U9vCsR3F@example.com,2022-08-07,543.21,Electronics,Cancelled
248,T1hMwQ8nX4,I6kLdN2J@example.com,2020-05-20,210.98,Sports,Refunded
249,N4cGvS2yR9,O3bPfT7K@example.com,2023-01-03,765.43,Clothing,Completed
250,F6bLzJ5qW1,E5nHtM9D@example.com,2021-09-16,321.09,Books,Pending
251,W9mKtG3nH5,A2sCxR8B@example.com,2022-04-29,987.65,Food,Cancelled
252,Q2yPzC9vX7,U7kNdF1L@example.com,2020-08-12,456.78,Home,Refunded
253,K5nRfB4wT2,I9cMhG3S@example.com,2023-06-25,789.01,Electronics,Completed
254,D8hMzL1pY9,O2bVtJ6N@example.com,2021-02-08,234.56,Sports,Pending
255,S3cGvN9xR4,E7wQzH1K@example.com,2022-11-21,678.90,Clothing,Cancelled
256,H7tPfJ2mB6,Y4nLsT9D@example.com,2020-03-06,123.45,Books,Refunded
257,C1yXzR7wN3,A6kMgF2P@example.com,2023-09-19,876.54,Food,Completed
258,M4bKtL9hG2,U1vSzJ5C@example.com,2021-07-04,543.21,Home,Pending
259,P6nFwQ1yX8,I3cRdN8B@example.com,2022-01-17,210.98,Electronics,Cancelled
260,B2hTzC5mS7,O9wLfH4K@example.com,2020-12-30,765.43,Sports,Refunded
261,X5cRvN3pY1,E2nMtG7D@example.com,2023-04-13,321.09,Clothing,Completed
262,L8nKfJ1wT4,A5bZxQ9S@example.com,2021-11-28,987.65,Books,Pending
263,G3yPzH9mB7,U8vCsR2F@example.com,2022-07-11,456.78,Food,Cancelled
264,T6hMwQ2nX5,I1kLdN7J@example.com,2020-02-24,789.01,Home,Refunded
265,N1cGvS7yR3,O4bPfT3K@example.com,2023-10-07,234.56,Electronics,Completed
266,F9bLzJ3qW6,E6nHtM1D@example.com,2021-05-22,678.90,Sports,Pending
267,W2mKtG7nH1,A9sCxR4B@example.com,2022-03-05,123.45,Clothing,Cancelled
268,Q5yPzC1vX9,U3kNdF8L@example.com,2020-09-18,876.54,Books,Refunded
269,K7nRfB6wT3,I2cMhG5S@example.com,2023-02-01,543.21,Food,Completed
270,D4hMzL8pY2,O7bVtJ1N@example.com,2021-06-16,210.98,Home,Pending
271,S9cGvN2xR7,E1wQzH4K@example.com,2022-12-29,765.43,Electronics,Cancelled
272,H3tPfJ5mB1,Y8nLsT3D@example.com,2020-04-13,321.09,Sports,Refunded
273,C7yXzR1wN8,A3kMgF9P@example.com,2023-08-26,987.65,Clothing,Completed
274,M2bKtL6hG4,U5vSzJ2C@example.com,2021-01-09,456.78,Books,Pending
275,P8nFwQ3yX2,I7cRdN1B@example.com,2022-09-22,789.01,Food,Cancelled
276,B1hTzC9mS5,O2wLfH6K@example.com,2020-07-07,234.56,Home,Refunded
277,X4cRvN7pY3,E9nMtG3D@example.com,2023-05-20,678.90,Electronics,Completed
278,L6nKfJ2wT9,A1bZxQ7S@example.com,2021-10-03,123.45,Sports,Pending
279,G1yPzH8mB4,U6vCsR5F@example.com,2022-06-16,876.54,Clothing,Cancelled
280,T9hMwQ4nX1,I3kLdN8J@example.com,2020-01-29,543.21,Books,Refunded
281,N3cGvS5yR8,O8bPfT2K@example.com,2023-12-12,210.98,Food,Completed
282,F5bLzJ1qW7,E4nHtM9D@example.com,2021-03-27,765.43,Home,Pending
283,W7mKtG3nH9,A2sCxR6B@example.com,2022-11-10,321.09,Electronics,Cancelled
284,Q2yPzC8vX6,U9kNdF3L@example.com,2020-08-25,987.65,Sports,Refunded
285,K4nRfB9wT1,I5cMhG7S@example.com,2023-01-08,456.78,Clothing,Completed
286,D6hMzL2pY8,O1bVtJ4N@example.com,2021-09-23,789.01,Books,Pending
287,S1cGvN7xR3,E7wQzH2K@example.com,2022-05-06,234.56,Food,Cancelled
288,H9tPfJ4mB5,Y3nLsT8D@example.com,2020-11-19,678.90,Home,Refunded
289,C2yXzR8wN1,A6kMgF1P@example.com,2023-07-02,123.45,Electronics,Completed
290,M5bKtL1hG7,U4vSzJ9C@example.com,2021-02-15,876.54,Sports,Pending
291,P3nFwQ9yX2,I8cRdN3B@example.com,2022-10-28,543.21,Clothing,Cancelled
292,B7hTzC3mS9,O2wLfH5K@example.com,2020-06-11,210.98,Books,Refunded
293,X1cRvN6pY4,E9nMtG7D@example.com,2023-03-24,765.43,Food,Completed
294,L8nKfJ2wT5,A1bZxQ4S@example.com,2021-12-07,321.09,Home,Pending
295,G4yPzH7mB1,U6vCsR2F@example.com,2022-08-20,987.65,Electronics,Cancelled
296,T2hMwQ5nX8,I3kLdN9J@example.com,2020-03-04,456.78,Sports,Refunded
297,N6cGvS1yR7,O8bPfT3K@example.com,2023-10-17,789.01,Clothing,Completed
298,F9bLzJ4qW2,E5nHtM1D@example.com,2021-05-02,234.56,Books,Pending
299,W3mKtG8nH6,A7sCxR9B@example.com,2022-01-15,678.90,Food,Cancelled
300,Q1yPzC6vX9,U2kNdF7L@example.com,2020-09-28,123.45,Home,Refunded
301,K5nRfB3wT4,I9cMhG2S@example.com,2023-06-11,876.54,Electronics,Completed
302,D8hMzL1pY7,O4bVtJ6N@example.com,2021-01-24,543.21,Sports,Pending
303,S2cGvN9xR5,E1wQzH8K@example.com,2022-11-07,210.98,Clothing,Cancelled
304,H6tPfJ3mB8,Y7nLsT2D@example.com,2020-07-20,765.43,Books,Refunded
305,C9yXzR2wN4,A3kMgF5P@example.com,2023-04-03,321.09,Food,Completed
306,M1bKtL7hG3,U8vSzJ1C@example.com,2021-08-18,987.65,Home,Pending
307,P7nFwQ2yX5,I4cRdN9B@example.com,2022-03-01,456.78,Electronics,Cancelled
308,B3hTzC8mS1,O6wLfH2K@example.com,2020-12-14,789.01,Sports,Refunded
309,X5cRvN1pY9,E2nMtG4D@example.com,2023-09-27,234.56,Clothing,Completed
310,L2nKfJ9wT6,A5bZxQ7S@example.com,2021-04-10,678.90,Books,Pending
311,G8yPzH3mB4,U1vCsR8F@example.com,2022-07-23,123.45,Food,Cancelled
312,T4hMwQ7nX2,I6kLdN3J@example.com,2020-02-06,876.54,Home,Refunded
313,N9cGvS4yR1,O3bPfT5K@example.com,2023-11-19,543.21,Electronics,Completed
314,F1bLzJ6qW8,E7nHtM2D@example.com,2021-07-04,210.98,Sports,Pending
315,W6mKtG2nH9,A9sCxR1B@example.com,2022-02-15,765.43,Clothing,Cancelled
316,Q3yPzC9vX1,U4kNdF8L@example.com,2020-10-29,321.09,Books,Refunded
317,K7nRfB5wT2,I1cMhG6S@example.com,2023-08-12,987.65,Food,Completed
318,D2hMzL8pY5,O9bVtJ3N@example.com,2021-03-27,456.78,Home,Pending
319,S5cGvN1xR8,E3wQzH7K@example.com,2022-12-10,789.01,Electronics,Cancelled
320,H1tPfJ6mB3,Y8nLsT4D@example.com,2020-05-23,234.56,Sports,Refunded
321,C4yXzR9wN7,A2kMgF6P@example.com,2023-01-05,678.90,Clothing,Completed
322,M8bKtL3hG1,U7vSzJ5C@example.com,2021-10-20,123.45,Books,Pending
323,P2nFwQ5yX8,I3cRdN1B@example.com,2022-06-03,876.54,Food,Cancelled
324,B6hTzC1mS4,O5wLfH9K@example.com,2020-01-16,543.21,Home,Refunded
325,X9cRvN4pY2,E1nMtG8D@example.com,2023-09-29,210.98,Electronics,Completed
326,L5nKfJ7wT1,A4bZxQ2S@example.com,2021-05-14,765.43,Sports,Pending
327,G1yPzH6mB9,U9vCsR3F@example.com,2022-01-27,321.09,Clothing,Cancelled
328,T7hMwQ2nX5,I6kLdN8J@example.com,2020-08-09,987.65,Books,Refunded
329,N3cGvS8yR4,O1bPfT7K@example.com,2023-04-22,456.78,Food,Completed
330,F5bLzJ1qW6,E2nHtM9D@example.com,2021-11-07,789.01,Home,Pending
331,W9mKtG4nH2,A7sCxR5B@example.com,2022-09-20,234.56,Electronics,Cancelled
332,Q2yPzC7vX8,U3kNdF1L@example.com,2020-04-03,678.90,Sports,Refunded
333,K6nRfB3wT9,I8cMhG4S@example.com,2023-12-16,123.45,Clothing,Completed
334,D1hMzL5pY4,O2bVtJ7N@example.com,2021-02-01,876.54,Books,Pending
335,S8cGvN2xR7,E6wQzH3K@example.com,2022-10-14,543.21,Food,Cancelled
336,H3tPfJ9mB1,Y5nLsT1D@example.com,2020-06-27,210.98,Home,Refunded
337,C7yXzR4wN5,A9kMgF2P@example.com,2023-03-10,765.43,Electronics,Completed
338,M2bKtL8hG6,U1vSzJ4C@example.com,2021-08-25,321.09,Sports,Pending
339,P5nFwQ1yX3,I7cRdN9B@example.com,2022-04-08,987.65,Clothing,Cancelled
340,B9hTzC3mS7,O4wLfH6K@example.com,2020-12-21,456.78,Books,Refunded
341,X4cRvN7pY1,E8nMtG2D@example.com,2023-07-04,789.01,Food,Completed
342,L1nKfJ5wT8,A3bZxQ9S@example.com,2021-01-19,234.56,Home,Pending
343,G6yPzH2mB4,U5vCsR7F@example.com,2022-11-02,678.90,Electronics,Cancelled
344,T9hMwQ4nX7,I2kLdN5J@example.com,2020-07-15,123.45,Sports,Refunded
345,N2cGvS6yR3,O9bPfT1K@example.com,2023-05-28,876.54,Clothing,Completed
346,F8bLzJ3qW1,E4nHtM7D@example.com,2021-12-13,543.21,Books,Pending
347,W3mKtG9nH5,A1sCxR6B@example.com,2022-08-26,210.98,Food,Cancelled
348,Q7yPzC1vX2,U8kNdF3L@example.com,2020-03-09,765.43,Home,Refunded
349,K4nRfB8wT6,I5cMhG1S@example.com,2023-10-22,321.09,Electronics,Completed
350,D9hMzL2pY7,O3bVtJ5N@example.com,2021-06-07,987.65,Sports,Pending
351,S3cGvN7xR1,E9wQzH4K@example.com,2022-02-20,456.78,Clothing,Cancelled
352,H5tPfJ1mB8,Y2nLsT7D@example.com,2020-10-03,789.01,Books,Refunded
353,C1yXzR6wN3,A7kMgF9P@example.com,2023-01-16,234.56,Food,Completed
354,M9bKtL4hG2,U6vSzJ1C@example.com,2021-09-01,678.90,Home,Pending
355,P4nFwQ8yX7,I2cRdN5B@example.com,2022-05-14,123.45,Electronics,Cancelled
356,B2hTzC5mS9,O8wLfH3K@example.com,2020-01-27,876.54,Sports,Refunded
357,X7cRvN3pY6,E1nMtG9D@example.com,2023-08-09,543.21,Clothing,Completed
358,L3nKfJ8wT2,A5bZxQ4S@example.com,2021-04-24,210.98,Books,Pending
359,G9yPzH5mB1,U3vCsR8F@example.com,2022-12-07,765.43,Food,Cancelled
360,T1hMwQ7nX4,I9kLdN2J@example.com,2020-08-20,321.09,Home,Refunded
361,N6cGvS2yR8,O4bPfT7K@example.com,2023-06-03,987.65,Electronics,Completed
362,F3bLzJ9qW5,E7nHtM1D@example.com,2021-01-18,456.78,Sports,Pending
363,W8mKtG1nH4,A2sCxR9B@example.com,2022-09-01,789.01,Clothing,Cancelled
364,Q5yPzC4vX9,U6kNdF2L@example.com,2020-05-14,234.56,Books,Refunded
365,K1nRfB7wT3,I8cMhG5S@example.com,2023-02-25,678.90,Food,Completed
366,D4hMzL6pY9,O1bVtJ3N@example.com,2021-11-10,123.45,Home,Pending
367,S7cGvN3xR2,E5wQzH9K@example.com,2022-07-23,876.54,Electronics,Cancelled
368,H2tPfJ8mB5,Y7nLsT1D@example.com,2020-02-05,543.21,Sports,Refunded
369,C6yXzR1wN9,A3kMgF6P@example.com,2023-09-18,210.98,Clothing,Completed
370,M3bKtL9hG1,U9vSzJ4C@example.com,2021-07-03,765.43,Books,Pending
371,P7nFwQ2yX6,I1cRdN8B@example.com,2022-03-16,321.09,Food,Cancelled
372,B1hTzC8mS4,O5wLfH2K@example.com,2020-11-29,987.65,Home,Refunded
373,X5cRvN2pY7,E2nMtG7D@example.com,2023-04-12,456.78,Electronics,Completed
374,L9nKfJ4wT1,A8bZxQ3S@example.com,2021-02-27,789.01,Sports,Pending
375,G4yPzH7mB3,U2vCsR5F@example.com,2022-10-10,234.56,Clothing,Cancelled
376,T6hMwQ1nX8,I7kLdN9J@example.com,2020-06-23,678.90,Books,Refunded
377,N2cGvS9yR5,O3bPfT1K@example.com,2023-12-06,123.45,Food,Completed
378,F8bLzJ2qW4,E6nHtM4D@example.com,2021-05-21,876.54,Home,Pending
379,W5mKtG6nH9,A1sCxR7B@example.com,2022-01-04,543.21,Electronics,Cancelled
380,Q3yPzC8vX2,U9kNdF5L@example.com,2020-09-17,210.98,Sports,Refunded
381,K7nRfB1wT6,I4cMhG2S@example.com,2023-07-30,765.43,Clothing,Completed
382,D3hMzL9pY2,O8bVtJ6N@example.com,2021-03-15,321.09,Books,Pending
383,S6cGvN4xR9,E1wQzH5K@example.com,2022-11-28,987.65,Food,Cancelled
384,H9tPfJ2mB7,Y4nLsT8D@example.com,2020-08-11,456.78,Home,Refunded
385,C2yXzR7wN1,A6kMgF3P@example.com,2023-01-24,789.01,Electronics,Completed
386,M5bKtL3hG8,U2vSzJ9C@example.com,2021-10-09,234.56,Sports,Pending
387,P1nFwQ6yX4,I7cRdN1B@example.com,2022-06-22,678.90,Clothing,Cancelled
388,B8hTzC2mS5,O3wLfH7K@example.com,2020-01-05,123.45,Books,Refunded
389,X4cRvN9pY3,E9nMtG2D@example.com,2023-08-18,876.54,Food,Completed
390,L1nKfJ5wT7,A2bZxQ8S@example.com,2021-04-03,543.21,Home,Pending
391,G7yPzH3mB9,U5vCsR1F@example.com,2022-12-16,210.98,Electronics,Cancelled
392,T3hMwQ8nX2,I9kLdN4J@example.com,2020-07-29,765.43,Sports,Refunded
393,N6cGvS1yR4,O1bPfT7K@example.com,2023-03-13,321.09,Clothing,Completed
394,F2bLzJ7qW9,E4nHtM3D@example.com,2021-11-26,987.65,Books,Pending
395,W9mKtG4nH1,A7sCxR5B@example.com,2022-08-09,456.78,Food,Cancelled
396,Q5yPzC2vX7,U3kNdF9L@example.com,2020-03-22,789.01,Home,Refunded
397,K3nRfB8wT5,I6cMhG1S@example.com,2023-10-05,234.56,Electronics,Completed
398,D7hMzL1pY4,O9bVtJ2N@example.com,2021-06-20,678.90,Sports,Pending
399,S2cGvN7xR3,E5wQzH8K@example.com,2022-02-03,123.45,Clothing,Cancelled
400,H6tPfJ9mB1,Y1nLsT4D@example.com,2020-10-16,876.54,Books,Refunded
401,C9yXzR3wN8,A4kMgF7P@example.com,2023-05-29,543.21,Food,Completed
402,M3bKtL6hG2,U8vSzJ1C@example.com,2021-01-14,210.98,Home,Pending
403,P8nFwQ1yX5,I2cRdN9B@example.com,2022-09-27,765.43,Electronics,Cancelled
404,B4hTzC9mS7,O6wLfH3K@example.com,2020-05-10,321.09,Sports,Refunded
405,X1cRvN5pY2,E7nMtG4D@example.com,2023-12-23,987.65,Clothing,Completed
406,L7nKfJ2wT9,A3bZxQ6S@example.com,2021-08-08,456.78,Books,Pending
407,G3yPzH8mB5,U9vCsR2F@example.com,2022-04-21,789.01,Food,Cancelled
408,T6hMwQ4nX1,I5kLdN7J@example.com,2020-12-04,234.56,Home,Refunded
409,N2cGvS9yR7,O8bPfT1K@example.com,2023-07-17,678.90,Electronics,Completed
410,F5bLzJ3qW1,E2nHtM9D@example.com,2021-03-02,123.45,Sports,Pending
411,W1mKtG7nH4,A6sCxR3B@example.com,2022-11-15,876.54,Clothing,Cancelled
412,Q8yPzC5vX3,U1kNdF7L@example.com,2020-06-28,543.21,Books,Refunded
413,K4nRfB1wT8,I9cMhG2S@example.com,2023-02-10,210.98,Food,Completed
414,D9hMzL5pY6,O3bVtJ8N@example.com,2021-09-25,765.43,Home,Pending
415,S3cGvN2xR8,E7wQzH1K@example.com,2022-05-08,321.09,Electronics,Cancelled
416,H1tPfJ7mB4,Y2nLsT9D@example.com,2020-01-21,987.65,Sports,Refunded
417,C5yXzR9wN2,A8kMgF1P@example.com,2023-09-03,456.78,Clothing,Completed
418,M7bKtL2hG9,U4vSzJ6C@example.com,2021-04-18,789.01,Books,Pending
419,P3nFwQ8yX1,I1cRdN5B@example.com,2022-12-31,234.56,Food,Cancelled
420,B9hTzC4mS6,O7wLfH2K@example.com,2020-08-14,678.90,Home,Refunded
421,X2cRvN7pY5,E3nMtG8D@example.com,2023-03-27,123.45,Electronics,Completed
422,L5nKfJ9wT3,A1bZxQ4S@example.com,2021-11-12,876.54,Sports,Pending
423,G8yPzH1mB7,U6vCsR9F@example.com,2022-07-25,543.21,Clothing,Cancelled
424,T4hMwQ3nX9,I2kLdN5J@example.com,2020-03-08,210.98,Books,Refunded
425,N7cGvS5yR1,O9bPfT3K@example.com,2023-10-21,765.43,Food,Completed
426,F1bLzJ6qW4,E5nHtM7D@example.com,2021-06-06,321.09,Home,Pending
427,W4mKtG2nH8,A3sCxR1B@example.com,2022-02-19,987.65,Electronics,Cancelled
428,Q1yPzC7vX5,U8kNdF2L@example.com,2020-10-02,456.78,Sports,Refunded
429,K6nRfB3wT2,I4cMhG9S@example.com,2023-05-15,789.01,Clothing,Completed
430,D2hMzL8pY9,O1bVtJ5N@example.com,2021-01-30,234.56,Books,Pending
431,S7cGvN4xR1,E9wQzH3K@example.com,2022-10-13,678.90,Food,Cancelled
432,H3tPfJ1mB6,Y7nLsT2D@example.com,2020-05-26,123.45,Home,Refunded
433,C8yXzR5wN4,A2kMgF8P@example.com,2023-12-09,876.54,Electronics,Completed
434,M1bKtL9hG3,U5vSzJ1C@example.com,2021-08-24,543.21,Sports,Pending
435,P6nFwQ2yX8,I7cRdN4B@example.com,2022-04-07,210.98,Clothing,Cancelled
436,B3hTzC7mS1,O2wLfH9K@example.com,2020-12-20,765.43,Books,Refunded
437,X9cRvN1pY7,E6nMtG3D@example.com,2023-07-03,321.09,Food,Completed
438,L2nKfJ6wT5,A9bZxQ1S@example.com,2021-03-18,987.65,Home,Pending
439,G5yPzH3mB2,U3vCsR7F@example.com,2022-11-01,456.78,Electronics,Cancelled
440,T8hMwQ1nX4,I1kLdN6J@example.com,2020-06-14,789.01,Sports,Refunded
441,N3cGvS8yR6,O4bPfT2K@example.com,2023-01-27,234.56,Clothing,Completed
442,F7bLzJ2qW9,E8nHtM5D@example.com,2021-10-12,678.90,Books,Pending
443,W2mKtG5nH1,A1sCxR9B@example.com,2022-06-25,123.45,Food,Cancelled
444,Q9yPzC4vX7,U6kNdF3L@example.com,2020-02-07,876.54,Home,Refunded
445,K1nRfB7wT3,I2cMhG8S@example.com,2023-09-20,543.21,Electronics,Completed
446,D5hMzL3pY8,O7bVtJ1N@example.com,2021-05-05,210.98,Sports,Pending
447,S9cGvN6xR2,E3wQzH9K@example.com,2022-01-18,765.43,Clothing,Cancelled
448,H4tPfJ8mB5,Y5nLsT1D@example.com,2020-09-01,321.09,Books,Refunded
449,C1yXzR2wN9,A8kMgF4P@example.com,2023-04-14,987.65,Food,Completed
450,M6bKtL4hG7,U2vSzJ7C@example.com,2021-12-29,456.78,Home,Pending
451,P2nFwQ9yX1,I9cRdN3B@example.com,2022-08-12,789.01,Electronics,Cancelled
452,B8hTzC1mS4,O5wLfH6K@example.com,2020-03-25,234.56,Sports,Refunded
453,X4cRvN6pY3,E1nMtG5D@example.com,2023-11-07,678.90,Clothing,Completed
454,L7nKfJ3wT8,A4bZxQ2S@example.com,2021-07-22,123.45,Books,Pending
455,G3yPzH9mB1,U8vCsR5F@example.com,2022-03-05,876.54,Food,Cancelled
456,T1hMwQ5nX7,I3kLdN9J@example.com,2020-11-18,543.21,Home,Refunded
457,N6cGvS2yR9,O1bPfT7K@example.com,2023-06-01,210.98,Electronics,Completed
458,F3bLzJ8qW2,E6nHtM2D@example.com,2021-01-16,765.43,Sports,Pending
459,W9mKtG1nH6,A2sCxR7B@example.com,2022-09-29,321.09,Clothing,Cancelled
460,Q5yPzC7vX4,U9kNdF1L@example.com,2020-05-12,987.65,Books,Refunded
461,K8nRfB2wT7,I5cMhG3S@example.com,2023-12-25,456.78,Food,Completed
462,D4hMzL9pY1,O3bVtJ8N@example.com,2021-08-10,789.01,Home,Pending
463,S1cGvN5xR4,E7wQzH1K@example.com,2022-04-23,234.56,Electronics,Cancelled
464,H7tPfJ2mB9,Y2nLsT6D@example.com,2020-12-06,678.90,Sports,Refunded
465,C3yXzR8wN5,A9kMgF1P@example.com,2023-07-19,123.45,Clothing,Completed
466,M9bKtL1hG3,U4vSzJ5C@example.com,2021-03-04,876.54,Books,Pending
467,P5nFwQ4yX7,I1cRdN8B@example.com,2022-11-17,543.21,Food,Cancelled
468,B2hTzC6mS9,O7wLfH3K@example.com,2020-06-30,210.98,Home,Refunded
469,X8cRvN3pY1,E2nMtG9D@example.com,2023-02-12,765.43,Electronics,Completed
470,L4nKfJ7wT2,A5bZxQ3S@example.com,2021-10-27,321.09,Sports,Pending
471,G7yPzH2mB5,U1vCsR8F@example.com,2022-07-10,987.65,Clothing,Cancelled
472,T3hMwQ9nX6,I6kLdN2J@example.com,2020-01-23,456.78,Books,Refunded
473,N1cGvS4yR8,O9bPfT5K@example.com,2023-09-05,789.01,Food,Completed
474,F6bLzJ1qW4,E3nHtM7D@example.com,2021-05-20,234.56,Home,Pending
475,W2mKtG8nH7,A8sCxR1B@example.com,2022-01-03,678.90,Electronics,Cancelled
476,Q9yPzC3vX1,U4kNdF7L@example.com,2020-09-16,123.45,Sports,Refunded
477,K2nRfB6wT5,I7cMhG2S@example.com,2023-04-29,876.54,Clothing,Completed
478,D8hMzL4pY3,O1bVtJ9N@example.com,2021-12-14,543.21,Books,Pending
479,S5cGvN9xR7,E6wQzH3K@example.com,2022-08-27,210.98,Food,Cancelled
480,H1tPfJ3mB2,Y9nLsT4D@example.com,2020-04-09,765.43,Home,Refunded
481,C7yXzR1wN6,A2kMgF8P@example.com,2023-11-22,321.09,Electronics,Completed
482,M3bKtL8hG5,U7vSzJ1C@example.com,2021-07-07,987.65,Sports,Pending
483,P9nFwQ2yX4,I3cRdN6B@example.com,2022-03-20,456.78,Clothing,Cancelled
484,B5hTzC7mS1,O8wLfH2K@example.com,2020-11-03,789.01,Books,Refunded
485,X1cRvN4pY9,E4nMtG5D@example.com,2023-06-16,234.56,Food,Completed
486,L6nKfJ2wT3,A9bZxQ1S@example.com,2021-02-01,678.90,Home,Pending
487,G3yPzH8mB7,U2vCsR7F@example.com,2022-10-14,123.45,Electronics,Cancelled
488,T9hMwQ5nX2,I5kLdN3J@example.com,2020-05-27,876.54,Sports,Refunded
489,N4cGvS1yR6,O7bPfT2K@example.com,2023-01-09,543.21,Clothing,Completed
490,F2bLzJ7qW9,E1nHtM8D@example.com,2021-09-24,210.98,Books,Pending
491,W8mKtG3nH1,A4sCxR6B@example.com,2022-06-07,765.43,Food,Cancelled
492,Q1yPzC6vX5,U9kNdF3L@example.com,2020-01-20,321.09,Home,Refunded
493,K7nRfB4wT2,I1cMhG9S@example.com,2023-08-03,987.65,Electronics,Completed
494,D3hMzL9pY6,O5bVtJ2N@example.com,2021-04-18,456.78,Sports,Pending
495,S9cGvN2xR4,E7wQzH1K@example.com,2022-12-31,789.01,Clothing,Cancelled
496,H6tPfJ1mB8,Y3nLsT7D@example.com,2020-08-13,234.56,Books,Refunded
497,C2yXzR7wN3,A8kMgF4P@example.com,2023-03-26,678.90,Food,Completed
498,M5bKtL1hG9,U1vSzJ6C@example.com,2021-11-11,123.45,Home,Pending
499,P1nFwQ8yX3,I6cRdN2B@example.com,2022-07-24,876.54,Electronics,Cancelled
500,B7hTzC3mS6,O3wLfH9K@example.com,2020-03-07,543.21,Sports,Refunded
501,X4cRvN9pY2,E5nMtG1D@example.com,2023-10-20,210.98,Clothing,Completed
502,L9nKfJ5wT7,A2bZxQ8S@example.com,2021-06-05,765.43,Books,Pending
503,G1yPzH3mB4,U7vCsR3F@example.com,2022-02-18,321.09,Food,Cancelled
504,T5hMwQ2nX8,I9kLdN1J@example.com,2020-10-01,987.65,Home,Refunded
505,N3cGvS8yR1,O4bPfT6K@example.com,2023-05-14,456.78,Electronics,Completed
506,F8bLzJ1qW5,E2nHtM7D@example.com,2021-01-29,789.01,Sports,Pending
507,W4mKtG9nH2,A6sCxR1B@example.com,2022-09-12,234.56,Clothing,Cancelled
508,Q7yPzC2vX6,U3kNdF8L@example.com,2020-04-25,678.90,Books,Refunded
509,K1nRfB7wT3,I5cMhG2S@example.com,2023-12-08,123.45,Food,Completed
510,D6hMzL2pY9,O9bVtJ4N@example.com,2021-08-23,876.54,Home,Pending
511,S2cGvN7xR5,E1wQzH6K@example.com,2022-05-06,543.21,Electronics,Cancelled
512,H9tPfJ4mB1,Y7nLsT2D@example.com,2020-12-19,210.98,Sports,Refunded
513,C5yXzR3wN8,A3kMgF9P@example.com,2023-07-02,765.43,Clothing,Completed
514,M2bKtL6hG4,U8vSzJ1C@example.com,2021-03-17,321.09,Books,Pending
515,P8nFwQ1yX7,I2cRdN7B@example.com,2022-11-30,987.65,Food,Cancelled
516,B3hTzC9mS2,O5wLfH3K@example.com,2020-07-13,456.78,Home,Refunded
517,X7cRvN2pY5,E9nMtG4D@example.com,2023-02-25,789.01,Electronics,Completed
518,L3nKfJ8wT1,A1bZxQ6S@example.com,2021-10-10,234.56,Sports,Pending
519,G6yPzH1mB9,U4vCsR2F@example.com,2022-06-23,678.90,Clothing,Cancelled
520,T2hMwQ7nX3,I7kLdN5J@example.com,2020-02-06,123.45,Books,Refunded
521,N9cGvS3yR6,O1bPfT8K@example.com,2023-09-19,876.54,Food,Completed
522,F1bLzJ6qW2,E6nHtM3D@example.com,2021-05-04,543.21,Home,Pending
523,W7mKtG2nH5,A9sCxR4B@example.com,2022-01-17,210.98,Electronics,Cancelled
524,Q3yPzC8vX1,U2kNdF7L@example.com,2020-09-30,765.43,Sports,Refunded
525,K8nRfB3wT6,I4cMhG1S@example.com,2023-04-13,321.09,Clothing,Completed
526,D4hMzL7pY2,O7bVtJ3N@example.com,2021-12-28,987.65,Books,Pending
527,S1cGvN5xR8,E2wQzH9K@example.com,2022-08-11,456.78,Food,Cancelled
528,H5tPfJ2mB7,Y5nLsT1D@example.com,2020-03-24,789.01,Home,Refunded
529,C8yXzR4wN1,A7kMgF2P@example.com,2023-11-06,234.56,Electronics,Completed
530,M1bKtL9hG6,U3vSzJ8C@example.com,2021-07-21,678.90,Sports,Pending
531,P6nFwQ3yX9,I9cRdN4B@example.com,2022-04-04,123.45,Clothing,Cancelled
532,B2hTzC5mS3,O1wLfH6K@example.com,2020-11-17,876.54,Books,Refunded
533,X9cRvN1pY7,E5nMtG2D@example.com,2023-06-30,543.21,Food,Completed
534,L4nKfJ7wT2,A8bZxQ3S@example.com,2021-02-15,210.98,Home,Pending
535,G7yPzH3mB5,U1vCsR9F@example.com,2022-10-28,765.43,Electronics,Cancelled
536,T3hMwQ1nX8,I6kLdN2J@example.com,2020-06-10,321.09,Sports,Refunded
537,N2cGvS9yR4,O3bPfT7K@example.com,2023-01-23,987.65,Clothing,Completed
538,F7bLzJ2qW1,E8nHtM4D@example.com,2021-09-08,456.78,Books,Pending
539,W3mKtG8nH6,A2sCxR5B@example.com,2022-05-21,789.01,Food,Cancelled
540,Q9yPzC4vX2,U7kNdF1L@example.com,2020-01-04,234.56,Home,Refunded
541,K1nRfB6wT5,I3cMhG8S@example.com,2023-08-17,678.90,Electronics,Completed
542,D8hMzL3pY9,O5bVtJ2N@example.com,2021-04-02,123.45,Sports,Pending
543,S4cGvN1xR7,E9wQzH3K@example.com,2022-12-15,876.54,Clothing,Cancelled
544,H1tPfJ9mB3,Y4nLsT7D@example.com,2020-07-28,543.21,Books,Refunded
545,C6yXzR2wN5,A1kMgF6P@example.com,2023-03-11,210.98,Food,Completed
546,M9bKtL4hG1,U6vSzJ3C@example.com,2021-11-26,765.43,Home,Pending
547,P2nFwQ7yX8,I8cRdN1B@example.com,2022-07-09,321.09,Electronics,Cancelled
548,B5hTzC1mS6,O2wLfH9K@example.com,2020-03-22,987.65,Sports,Refunded
549,X3cRvN8pY4,E7nMtG1D@example.com,2023-10-05,456.78,Clothing,Completed
550,L7nKfJ1wT9,A3bZxQ5S@example.com,2021-06-20,789.01,Books,Pending
551,G2yPzH6mB4,U9vCsR2F@example.com,2022-02-03,234.56,Food,Cancelled
552,T8hMwQ3nX1,I4kLdN7J@example.com,2020-10-16,678.90,Home,Refunded
553,N5cGvS2yR8,O1bPfT6K@example.com,2023-05-29,123.45,Electronics,Completed
554,F3bLzJ9qW5,E4nHtM8D@example.com,2021-01-14,876.54,Sports,Pending
555,W6mKtG1nH3,A7sCxR2B@example.com,2022-09-27,543.21,Clothing,Cancelled
556,Q1yPzC7vX9,U3kNdF5L@example.com,2020-05-10,210.98,Books,Refunded
557,K9nRfB2wT4,I6cMhG1S@example.com,2023-12-23,765.43,Food,Completed
558,D2hMzL8pY7,O9bVtJ3N@example.com,2021-08-08,321.09,Home,Pending
559,S7cGvN3xR1,E2wQzH5K@example.com,2022-04-21,987.65,Electronics,Cancelled
560,H3tPfJ5mB9,Y7nLsT1D@example.com,2020-12-04,456.78,Sports,Refunded
561,C9yXzR1wN4,A5kMgF8P@example.com,2023-07-17,789.01,Clothing,Completed
562,M4bKtL7hG2,U1vSzJ6C@example.com,2021-03-02,234.56,Books,Pending
563,P8nFwQ2yX5,I9cRdN3B@example.com,2022-11-15,678.90,Food,Cancelled
564,B1hTzC6mS9,O4wLfH2K@example.com,2020-06-28,123.45,Home,Refunded
565,X6cRvN3pY1,E8nMtG4D@example.com,2023-02-10,876.54,Electronics,Completed
566,L2nKfJ9wT5,A1bZxQ7S@example.com,2021-09-25,543.21,Sports,Pending
567,G5yPzH1mB8,U6vCsR3F@example.com,2022-05-08,210.98,Clothing,Cancelled
568,T1hMwQ6nX3,I2kLdN9J@example.com,2020-01-21,765.43,Books,Refunded
569,N8cGvS4yR7,O5bPfT1K@example.com,2023-09-03,321.09,Food,Completed
570,F4bLzJ1qW6,E3nHtM7D@example.com,2021-04-18,987.65,Home,Pending